ticker,compamy_name
CBA,Commonwealth Bank of Australia
BHP,BHP Group Ltd
CSL,CSL Ltd
WBC,Westpac Banking Corporation
NAB,National Australia Bank Ltd
ANZ,Australia and New Zealand Banking Group Ltd
FMG,Fortescue Metals Group Ltd
WES,Wesfarmers Ltd
MQG,Macquarie Group Ltd
WOW,Woolworths Group Ltd
RIO,RIO Tinto Ltd
TLS,Telstra Corporation Ltd
TCL,Transurban Group
GMG,Goodman Group
APT,Afterpay Ltd
WPL,Woodside Petroleum Ltd
ALL,Aristocrat Leisure Ltd
COL,Coles Group Ltd
NCM,Newcrest Mining Ltd
REA,REA Group Ltd
XRO,Xero Ltd
JHX,James Hardie Industries Plc
FPH,Fisher & Paykel Healthcare Corporation Ltd
SHL,Sonic Healthcare Ltd
SYD,Sydney Airport
RHC,Ramsay Health Care Ltd
BXB,Brambles Ltd
SCG,Scentre Group
STO,Santos Ltd
QBE,QBE Insurance Group Ltd
COH,Cochlear Ltd
ASX,ASX Ltd
MGOC,Magellan Global Fund (Open Class) (Managed Fund)
AMC,Amcor Plc
S32,SOUTH32 Ltd
TPG,TPG Telecom Ltd
SUN,Suncorp Group Ltd
APA,APA Group
NST,Northern Star Resources Ltd
IAG,Insurance Australia Group Ltd
REH,Reece Ltd
TAH,Tabcorp Holdings Ltd
SGP,Stockland
AIA,Auckland International Airport Ltd
DXS,Dexus
SEK,Seek Ltd
CCL,Coca-Cola Amatil Ltd
MGR,Mirvac Group
QAN,Qantas Airways Ltd
BSL,Bluescope Steel Ltd
WTC,Wisetech Global Ltd
RMD,Resmed Inc
AFI,Australian Foundation Investment Company Ltd
LLC,Lendlease Group
GPT,GPT Group
OSH,Oil Search Ltd
DMP,Domino's PIZZA Enterprises Ltd
MFG,Magellan Financial Group Ltd
ORG,Origin Energy Ltd
CPU,Computershare Ltd
MCY,Mercury NZ Ltd
CWN,Crown Resorts Ltd
MPL,Medibank Private Ltd
TWE,Treasury Wine Estates Ltd
SOL,Washington H Soul Pattinson & Company Ltd
VAS,Vanguard Australian Shares INDEX ETF
SVW,Seven Group Holdings Ltd
EVN,Evolution Mining Ltd
VCX,Vicinity Centres
SPK,Spark New Zealand Ltd
OZL,OZ Minerals Ltd
PMGOLD,Gold Corporation
HVN,Harvey Norman Holdings Ltd
AZJ,Aurizon Holdings Ltd
IEL,Idp Education Ltd
AST,Ausnet Services Ltd
MIN,Mineral Resources Ltd
BLD,Boral Ltd
AGL,AGL Energy Ltd
CHC,Charter Hall Group
ARG,Argo Investments Ltd
JBH,JB Hi-Fi Ltd
A2M,The a2 Milk Company Ltd
ALD,Ampol Ltd
MEZ,Meridian Energy Ltd
ORI,Orica Ltd
ALX,Atlas Arteria
QUB,QUBE Holdings Ltd
CIM,Cimic Group Ltd
IPL,Incitec Pivot Ltd
WOR,Worley Ltd
BOQ,Bank of Queensland Ltd
FBU,Fletcher Building Ltd
BEN,Bendigo and Adelaide Bank Ltd
ANN,Ansell Ltd
LYC,Lynas Rare EARTHS Ltd
AWC,Alumina Ltd
NEC,Nine Entertainment Co. Holdings Ltd
NXT,NEXTDC Ltd
IGO,IGO Ltd
ALQ,Als Ltd
IFT,Infratil Ltd
AMP,AMP Ltd
PME,Pro Medicus Ltd
CWY,Cleanaway Waste Management Ltd
CAR,Carsales.com Ltd
STW,SPDR S&P/ASX 200 Fund
EBO,Ebos Group Ltd
CGF,Challenger Ltd
Z1P,ZIP Co Ltd
BPT,Beach Energy Ltd
IOZ,Ishares Core S&P/ASX 200 ETF
PMV,Premier Investments Ltd
IVV,Ishares S&P 500 ETF
SKI,Spark Infrastructure Group
APE,Eagers Automotive Ltd
BRG,Breville Group Ltd
MTS,Metcash Ltd
SGR,The Star Entertainment Group Ltd
FLT,Flight Centre Travel Group Ltd
DOW,Downer Edi Ltd
RWC,Reliance Worldwide Corporation Ltd
ALU,Altium Ltd
VOC,Vocus Group Ltd
NWL,Netwealth Group Ltd
SDF,Steadfast Group Ltd
GNE,Genesis Energy Ltd
NIC,Nickel Mines Ltd
MLT,Milton Corporation Ltd
CNU,Chorus Ltd
VUK,Virgin Money Uk Plc
TNE,Technology One Ltd
BKW,Brickworks Ltd
YAL,Yancoal Australia Ltd
PTM,Platinum Asset Management Ltd
VGS,Vanguard MSCI INDEX International Shares ETF
CDA,Codan Ltd
ARB,ARB Corporation Ltd
ORA,Orora Ltd
LNK,Link Administration Holdings Ltd
CSR,CSR Ltd
ILU,Iluka Resources Ltd
VEA,Viva Energy Group Ltd
CLW,Charter Hall Long Wale REIT
SGM,Sims Ltd
SNZ,Summerset Group Holdings Ltd
PLS,Pilbara Minerals Ltd
CTD,Corporate Travel Management Ltd
MGF,Magellan Global Fund
SUL,Super Retail Group Ltd
SCP,Shopping Centres Australasia Property Group
TLT,Tilt Renewables Ltd
HLS,Healius Ltd
GOZ,Growthpoint Properties Australia
BWP,BWP Trust
CIA,Champion Iron Ltd
BAP,Bapcor Ltd
DHG,Domain Holdings Australia Ltd
PBH,Pointsbet Holdings Ltd
NHF,Nib Holdings Ltd
SKC,Skycity Entertainment Group Ltd
IFL,IOOF Holdings Ltd
VTS,Vanguard US Total Market Shares INDEX ETF
ABP,Abacus Property Group
ZIM,Zimplats Holdings Ltd
AAA,Betashares Australian High Interest Cash ETF
LFG,Liberty Financial Group
CCP,Credit Corp Group Ltd
ABC,Adbri Ltd
CMW,Cromwell Property Group
APX,Appen Ltd
CQR,Charter Hall Retail REIT
PDL,Pendal Group Ltd
BIN,Bingo Industries Ltd
IOO,Ishares Global 100 ETF
DRR,Deterra Royalties Ltd
PPH,Pushpay Holdings Ltd
PNV,Polynovo Ltd
NSR,National Storage REIT
SLK,Sealink Travel Group Ltd
WPR,Waypoint REIT
VEU,Vanguard All-World Ex-US Shares INDEX ETF
ELD,Elders Ltd
WEB,Webjet Ltd
BGA,Bega Cheese Ltd
EVT,Event Hospitality and Entertainment Ltd
NUF,Nufarm Ltd
CGC,Costa Group Holdings Ltd
TYR,Tyro Payments Ltd
WAM,WAM Capital Ltd
PPT,Perpetual Ltd
VAP,Vanguard Australian Property Securities INDEX ETF
WHC,Whitehaven Coal Ltd
HTA,Hutchison Telecommunications (Australia) Ltd
NAN,Nanosonics Ltd
AIZ,Air New Zealand Ltd
IRE,Iress Ltd
DDR,Dicker Data Ltd
MP1,Megaport Ltd
EML,EML Payments Ltd
CIP,Centuria Industrial REIT
PNI,Pinnacle Investment Management Group Ltd
AVN,Aventus Group
VHY,Vanguard Australian Shares High Yield ETF
QUAL,Vaneck Vectors MSCI World Ex Australia Quality ETF
INA,Ingenia Communities Group
IAF,Ishares Core Composite Bond ETF
IVC,Invocare Ltd
NDQ,Betashares Nasdaq 100 ETF
BKL,Blackmores Ltd
UWL,Uniti Group Ltd
CHN,Chalice Mining Ltd
NXL,NUIX Ltd
RRL,Regis Resources Ltd
ORE,Orocobre Ltd
LOV,Lovisa Holdings Ltd
VAF,Vanguard Australian Fixed Interest INDEX ETF
VGAD,Vanguard MSCI INDEX International Shares (Hedged) ETF
MSB,Mesoblast Ltd
CEN,Contact Energy Ltd
CNI,Centuria Capital Group
MFF,MFF Capital Investments Ltd
LIC,Lifestyle Communities Ltd
RBL,Redbubble Ltd
MVW,Vaneck Vectors Australian EQUAL Weight ETF
SBM,ST Barbara Ltd
IPH,IPH Ltd
HUB,HUB24 Ltd
SLR,Silver Lake Resources Ltd
CUV,Clinuvel Pharmaceuticals Ltd
DEG,De Grey Mining Ltd
PRU,Perseus Mining Ltd
AUB,AUB Group Ltd
LSF,L1 Long Short Fund Ltd
ZEL,Z Energy Ltd
KGN,Kogan.com Ltd
PLL,Piedmont Lithium Ltd
CRN,Coronado Global Resources Inc
NWS,News Corporation
RMS,Ramelius Resources Ltd
MXT,MCP Master Income Trust
CKF,Collins Foods Ltd
ING,Inghams Group Ltd
WLE,Wam Leaders Ltd
AX1,Accent Group Ltd
PGH,Pact Group Holdings Ltd
TLX,TELIX Pharmaceuticals Ltd
FCL,Fineos Corporation Holdings Plc
HMC,Home Consortium
UMG,United Malt Group Ltd
ETHI,Betashares Global Sustainability Leaders ETF
JHG,Janus Henderson Group Plc
GOLD,ETFs Metal Securities Australia Ltd
OCL,Objective Corporation Ltd
ISX,Isignthis Ltd
GNC,Graincorp Ltd
TPW,Temple & Webster Group Ltd
NHC,New Hope Corporation Ltd
GXY,Galaxy Resources Ltd
URW,Unibail-Rodamco-Westfield
GUD,G.U.D. Holdings Ltd
CQE,Charter Hall Social Infrastructure REIT
AUI,Australian United Investment Company Ltd
A200,Betashares Australia 200 ETF
HSN,Hansen Technologies Ltd
RBD,Restaurant Brands New Zealand Ltd
HYGG,Hyperion GBL Growth Companies Fund (Managed Fund)
ARF,Arena REIT
DBI,Dalrymple Bay Infrastructure Ltd
GOR,Gold Road Resources Ltd
BKI,BKI Investment Company Ltd
COF,Centuria Office REIT
GMA,Genworth Mortgage Insurance Australia Ltd
OML,Ooh!Media Ltd
BRN,Brainchip Holdings Ltd
NEA,Nearmap Ltd
HM1,Hearts and Minds Investments Ltd
HBRD,Betashares Active Australian Hybrids Fund (Managed Fund)
MAQ,Macquarie Telecom Group Ltd
DUI,Diversified United Investment Ltd
PSI,PSC Insurance Group Ltd
SFR,Sandfire Resources Ltd
HGH,Heartland Group Holdings Ltd
MND,Monadelphous Group Ltd
IDX,Integral Diagnostics Ltd
RMC,Resimac Group Ltd
OBL,Omni Bridgeway Ltd
GEM,G8 Education Ltd
ERA,Energy Resources of Australia Ltd
NWH,NRW Holdings Ltd
NVX,Novonix Ltd
WGX,Westgold Resources Ltd
BGP,Briscoe Group Australasia Ltd
MGX,Mount Gibson Iron Ltd
IEM,Ishares MSCI Emerging Markets ETF
LEP,Ale Property Group
CCX,City Chic Collective Ltd
VG1,Vgi Partners Global Investments Ltd
KMD,Kathmandu Holdings Ltd
MMS,Mcmillan Shakespeare Ltd
FAIR,Betashares Australian Sustainability Leaders ETF
JLG,Johns LYNG Group Ltd
MHH,Magellan High Conviction Trust
SIQ,Smartgroup Corporation Ltd
MGH,Maas Group Holdings Ltd
SPL,Starpharma Holdings Ltd
NBI,NB Global Corporate Income Trust
MOE,Moelis Australia Ltd
IXJ,Ishares Global Healthcare ETF
IAP,Irongate Group
JIN,Jumbo Interactive Ltd
RFF,Rural Funds Group
IAA,Ishares Asia 50 ETF
NCK,Nick Scali Ltd
VDHG,Vanguard Diversified High Growth INDEX ETF
AKP,Audio Pixels Holdings Ltd
EOS,Electro Optic Systems Holdings Ltd
LTR,Liontown Resources Ltd
DTL,Data#3 Ltd
AEF,Australian Ethical Investment Ltd
ASB,Austal Ltd
KKC,KKR Credit Income Fund
OCA,Oceania Healthcare Ltd
PDN,Paladin Energy Ltd
GWA,GWA Group Ltd
SZL,Sezzle Inc
AHY,Asaleo Care Ltd
BET,Betmakers Technology Group Ltd
QPON,Betashares Australian Bank Senior Floating Rate Bond ETF
BGL,Bellevue Gold Ltd
MICH,Magellan Infrastructure Fund (Currency Hedged)(Managed Fund)
INR,Ioneer Ltd
WAF,West African Resources Ltd
SIG,Sigma Healthcare Ltd
TGR,Tassal Group Ltd
SFY,SPDR S&P/ASX 50 Fund
ADN,Andromeda Metals Ltd
CIN,Carlton Investments Ltd
360,LIFE360 Inc
ABR,American Pacific Borates Ltd
SHV,Select Harvests Ltd
BBN,Baby Bunting Group Ltd
AAC,Australian Agricultural Company Ltd
SWM,Seven West Media Ltd
AFG,Australian Finance Group Ltd
PRN,Perenti Global Ltd
SM1,Synlait Milk Ltd
SGF,SG Fleet Group Ltd
OPH,Ophir High Conviction Fund
ADH,Adairs Ltd
VUL,Vulcan Energy Resources Ltd
MMM,Marley Spoon AG
BWX,BWX Ltd
BVS,Bravura Solutions Ltd
ADI,Apn Industria REIT
IEU,Ishares Europe ETF
WSA,Western Areas Ltd
ASIA,Betashares Asia Technology Tigers ETF
API,Australian Pharmaceutical Industries Ltd
IMD,IMDEX Ltd
AQZ,Alliance Aviation Services Ltd
SKO,Serko Ltd
REG,Regis Healthcare Ltd
HDN,Homeco Daily Needs REIT
WPP,WPP AUNZ Ltd
IHVV,Ishares S&P 500 Aud Hedged ETF
DJW,Djerriwarrh Investments Ltd
VIF,Vanguard International Fixed Interest INDEX (Hedged) ETF
ASM,Australian Strategic Materials Ltd
ECX,Eclipx Group Ltd
MNY,MONEY3 Corporation Ltd
KAR,Karoon Energy Ltd
SLF,SPDR S&P/ASX 200 Listed Property Fund
JMS,Jupiter Mines Ltd
GDI,GDI Property Group
CWP,Cedar Woods Properties Ltd
FGG,Future Generation Global Investment Company Ltd
AVZ,AVZ Minerals Ltd
IFM,Infomedia Ltd
VGB,Vanguard Australian Government Bond INDEX ETF
CTT,Cettire Ltd
MYX,Mayne Pharma Group Ltd
BFG,Bell Financial Group Ltd
PWH,PWR Holdings Ltd
EHE,Estia Health Ltd
STX,Strike Energy Ltd
IMU,Imugene Ltd
RDC,Redcape Hotel Group
OPT,Opthea Ltd
PPC,Peet Ltd
VGI,VGI Partners Ltd
SXL,Southern Cross Media Group Ltd
MIR,Mirrabooka Investments Ltd
PAR,Paradigm Biopharmaceuticals Ltd
WGB,Wam Global Ltd
EHL,Emeco Holdings Ltd
AD8,Audinate Group Ltd
OMH,Om Holdings Ltd
CMM,Capricorn Metals Ltd
ART,Airtasker Ltd
RAC,Race Oncology Ltd
PWG,Primewest
SXYDA,SENEX Energy Ltd
VG8,Vgi Partners Asian Investments Ltd
GRR,Grange Resources Ltd
FGX,Future Generation Investment Company Ltd
HPI,Hotel Property Investments
SYR,Syrah Resources Ltd
ABB,Aussie Broadband Ltd
RSG,Resolute Mining Ltd
WHF,Whitefield Ltd
BILL,Ishares Core Cash ETF
PGG,Partners Group Global Income Fund
VACF,Vanguard Australian Corp Fixed Interest INDEX ETF
NTO,Nitro Software Ltd
PL8,Plato Income Maximiser Ltd
APL,Antipodes Global Investment Company Ltd
EQT,EQT Holdings Ltd
VGE,Vanguard Ftse Emerging Markets Shares ETF
VSO,Vanguard MSCI Australian Small Companies INDEX ETF
PYC,PYC Therapeutics Ltd
FSF,Fonterra Shareholders' Fund
UNI,Universal Store Holdings Ltd
HT1,HT&E Ltd
PPK,PPK Group Ltd
HUM,Humm Group Ltd
AGG,Anglogold Ashanti Ltd
CRED,Betashares Australian Investment Grade Corporate Bond ETF
SSM,Service Stream Ltd
ABY,Adore Beauty Group Ltd
RF1,Regal Investment Fund
MVA,Vaneck Vectors Australian Property ETF
FDV,Frontier Digital Ventures Ltd
PAI,Platinum Asia Investments Ltd
COE,Cooper Energy Ltd
VRT,Virtus Health Ltd
VGL,Vista Group International Ltd
ADO,Anteotech Ltd
ELO,Elmo Software Ltd
AMI,Aurelia Metals Ltd
AFP,Aft Pharmaceuticals Ltd
PGF,PM Capital Global Opportunities Fund Ltd
ALG,Ardent Leisure Group Ltd
MAH,Macmahon Holdings Ltd
MNF,MNF Group Ltd
DUB,Dubber Corporation Ltd
XARO,Activex Ardea Real Outcome Bond Fund (Managed Fund)
PMC,Platinum Capital Ltd
AMA,AMA Group Ltd
PIC,Perpetual Equity Investment Company Ltd
WMI,Wam Microcap Ltd
3DP,Pointerra Ltd
AQR,Apn Convenience Retail REIT
PCI,Perpetual Credit Income Trust
ALK,Alkane Resources Ltd
CVN,Carnarvon Petroleum Ltd
MCR,Mincor Resources NL
GCI,Gryphon Capital Income Trust
88E,88 Energy Ltd
MYS,Mystate Ltd
EMR,Emerald Resources NL
HACK,Betashares Global Cybersecurity ETF
IVE,Ishares MSCI Eafe ETF
PSQ,Pacific Smiles Group Ltd
JRV,Jervois Mining Ltd
BLX,Beacon Lighting Group Ltd
WSP,Whispir Ltd
ASG,Autosports Group Ltd
SGLLV,Ricegrowers Ltd
IRI,Integrated Research Ltd
DJRE,SPDR Dow Jones Global Real Estate Fund
CAT,Catapult Group International Ltd
ILC,Ishares S&P/ASX 20 ETF
VDGR,Vanguard Diversified Growth INDEX ETF
VDBA,Vanguard Diversified Balanced INDEX ETF
RIC,Ridley Corporation Ltd
SPT,Splitit Payments Ltd
ADT,Adriatic Metals Plc
AOF,Australian Unity Office Fund
E25,Element 25 Ltd
MVP,Medical Developments International Ltd
TLG,Talga Group Ltd
BTH,Bigtincan Holdings Ltd
IFRA,Vaneck Vectors Ftse Global Infrastructure (Hedged) ETF
ARX,Aroa Biosurgery Ltd
QRI,Qualitas Real Estate Income Fund
IJP,Ishares MSCI Japan ETF
UOS,United Overseas Australia Ltd
AVH,Avita Medical Inc
WGN,Wagners Holding Company Ltd
MLD,Maca Ltd
RED,RED 5 Ltd
HLO,Helloworld Travel Ltd
PIXX,Platinum International Fund (Quoted Managed Hedge Fund)
GDX,Vaneck Vectors Gold Miners ETF
SO4,Salt Lake Potash Ltd
CXL,CALIX Ltd
MOT,MCP Income Opportunities Trust
CAJ,Capitol Health Ltd
4DX,4DMEDICAL Ltd
PPE,People Infrastructure Ltd
SLC,Superloop Ltd
BSE,Base Resources Ltd
MAU,Magnetic Resources NL
MFB,My Food Bag Group Ltd
NWSLV,News Corporation
CSX,Cleanspace Holdings Ltd
CBR,Carbon Revolution Ltd
SSR,SSR Mining Inc
WAX,Wam Research Ltd
BKG,Booktopia Group Ltd
VBND,Vanguard Global Aggregate Bond INDEX (Hedged) ETF
ALC,Alcidion Group Ltd
LEG,Legend Mining Ltd
VHT,Volpara Health Technologies Ltd
QAU,Betashares Gold Bullion ETF - Currency Hedged
CVW,Clearview Wealth Ltd
A4N,Alpha Hpa Ltd
ERD,Eroad Ltd
VAE,Vanguard Ftse Asia Ex Japan Shares INDEX ETF
PPS,Praemium Ltd
LKE,Lake Resources N.L.
PIA,Pengana International Equities Ltd
AMH,Amcil Ltd
QOZ,Betashares Ftse Rafi Australia 200 ETF
MHG,Magellan Global Equities Fund Currency Hedged (Managed Fund)
QHAL,Vaneck Vectors MSCI World Ex Australia Quality (Hedged) ETF
SDG,Sunland Group Ltd
CDM,Cadence Capital Ltd
WBT,Weebit Nano Ltd
FUEL,Betashares Global Energy Companies ETF - Currency Hedged
IHCB,Ishares Core Global Corporate Bond(Aud Hedged) ETF
BBOZ,Betashares Australian Strong Bear (Hedge Fund)
SRV,Servcorp Ltd
CLV,Clover Corporation Ltd
BUB,Bubs Australia Ltd
ALI,Argo Global Listed Infrastructure Ltd
TWR,Tower Ltd
WDIV,SPDR S&P Global Dividend Fund
PFP,Propel Funeral Partners Ltd
CDP,Carindale Property Trust
DDH,DDH1 Ltd
RUL,Rpmglobal Holdings Ltd
M7T,MACH7 Technologies Ltd
MYR,Myer Holdings Ltd
MVF,Monash Ivf Group Ltd
EXR,Elixir Energy Ltd
EZL,EUROZ Ltd
TUA,Tuas Ltd
SST,Steamships Trading Company Ltd
DCN,Dacian Gold Ltd
TGG,Templeton Global Growth Fund Ltd
FLN,Freelancer Ltd
BOE,Boss Energy Ltd
YMAX,Betashares Aus Top 20 Equity Yield MAX Fund (Managed Fund)
BD1,BARD1 Life Sciences Ltd
ABA,Auswide Bank Ltd
GEAR,Betashares Geared Australian Equity Fund (Hedge Fund)
PE1,Pengana Private Equity Trust
EGR,Ecograf Ltd
FLOT,Vaneck Vectors Australian Floating Rate ETF
SKT,Sky Network Television Ltd
PAC,Pacific Current Group Ltd
BCK,Brockman Mining Ltd
HPG,Hipages Group Holdings Ltd
IHWL,Ishares Core MSCI World All Cap (Aud Hedged) ETF
HUO,Huon Aquaculture Group Ltd
PAN,Panoramic Resources Ltd
TBR,Tribune Resources Ltd
IJR,Ishares S&P Small-Cap ETF
NEW,NEW Energy Solar
IHD,Ishares S&P/ASX Dividend Opportunities ETF
RDV,Russell Investments High Dividend Australian Shares ETF
HAS,Hastings Technology Metals Ltd
RARI,Russell Investments Australian Responsible Investment ETF
WQG,WCM Global Growth Ltd
SFC,Schaffer Corporation Ltd
KSL,Kina Securities Ltd
EGG,Enero Group Ltd
OFX,OFX Group Ltd
PNR,Pantoro Ltd
NVA,Nova Minerals Ltd
KGL,KGL Resources Ltd
TECH,ETFs Morningstar Global Technology ETF
RNU,Renascor Resources Ltd
SNL,Supply Network Ltd
HE8,Helios Energy Ltd
CTM,Centaurus Metals Ltd
RHY,RHYTHM Biosciences Ltd
GDF,Garda Property Group
AGI,Ainsworth Game Technology Ltd
RCB,Russell Investments Australian Select Corporate Bond ETF
4DS,4DS Memory Ltd
RHP,Rhipe Ltd
PLUS,Vaneck Vectors Australian Corporate Bond Plus ETF
SVL,Silver Mines Ltd
AHI,Advanced Human Imaging Ltd
MHJ,Michael Hill International Ltd
ANO,Advance Nanotek Ltd
ILB,Ishares Government Inflation ETF
F100,Betashares Ftse 100 ETF
IMR,"Imricor Medical Systems, Inc"
FWD,Fleetwood Ltd
MNS,Magnis Energy Technologies Ltd
OOO,Betashares Crude Oil INDEX ETF-Currency Hedged (Synthetic)
CXO,Core Lithium Ltd
NGI,Navigator Global Investments Ltd
OTW,Over the Wire Holdings Ltd
TRA,Turners Automotive Group Ltd
AYS,Amaysim Australia Ltd
FRI,Finbar Group Ltd
TRS,The Reject Shop Ltd
CYC,Cyclopharm Ltd
MME,Moneyme Ltd
IOU,Ioupay Ltd
MYD,Mydeal.com.Au Ltd
TNT,Tesserent Ltd
WXOZ,SPDR S&P World Ex Australia Fund
GLL,Galilee Energy Ltd
VESG,Vanguard Ethically Conscious International Shares INDEX ETF
CVC,CVC Ltd
WCMQ,WCM Quality Global Growth Fund (Quoted Managed Fund)
IMM,Immutep Ltd
GSS,Genetic Signatures Ltd
CLQ,Clean TEQ Holdings Ltd
GGG,Greenland Minerals Ltd
SFG,Seafarms Group Ltd
IHL,Incannex Healthcare Ltd
CDD,Cardno Ltd
DGO,DGO Gold Ltd
QVE,QV Equities Ltd
CPH,Creso Pharma Ltd
WZR,Wisr Ltd
HFR,Highfield Resources Ltd
EMH,European Metals Holdings Ltd
HMY,Harmoney Corp Ltd
VVA,Viva Leisure Ltd
MOAT,Vaneck Vectors Morningstar Wide Moat ETF
GLB,Globe International Ltd
SLA,Silk Laser Australia Ltd
ISEC,Ishares Enhanced Cash ETF
ECF,Elanor Commercial Property Fund
AVJ,Avjennings Ltd
LME,"Limeade, Inc"
ARU,Arafura Resources Ltd
TGP,360 Capital Group
SYI,SPDR MSCI Australia Select High Dividend Yield Fund
DTC,Damstra Holdings Ltd
DYL,Deep Yellow Ltd
FMS,Flinders Mines Ltd
WOT,Wotso Property
SLX,SILEX Systems Ltd
LYL,Lycopodium Ltd
AXE,Archer Materials Ltd
AJM,Altura Mining Ltd
IGL,Ive Group Ltd
ROBO,ETFs Robo Global Robotics and Automation ETF
WGO,Warrego Energy Ltd
VTH,Vitalharvest Freehold Trust
CL1,Class Ltd
SMP,Smartpay Holdings Ltd
OBM,Ora Banda Mining Ltd
SRG,SRG Global Ltd
VCF,Vanguard International Credit Securities INDEX (Hedged) ETF
OPY,Openpay Group Ltd
JHC,Japara Healthcare Ltd
GNG,GR Engineering Services Ltd
AVG,Australian Vintage Ltd
BNO,Bionomics Ltd
NTU,Northern Minerals Ltd
ST1,Spirit Technology Solutions Ltd
NMT,Neometals Ltd
FEMX,Fidelity Global Emerging Markets Fund (Managed Fund)
KCN,Kingsgate Consolidated Ltd
CYL,Catalyst Metals Ltd
GVF,Global Value Fund Ltd
ALF,Australian Leaders Fund Ltd
NCZ,New Century Resources Ltd
AMS,Atomos Ltd
KLL,Kalium Lakes Ltd
AIS,Aeris Resources Ltd
BBUS,Betashares US Equities Strong Bear Currency Hedged (HF)
LVT,Livetiles Ltd
WMA,Wam Alternative Assets Ltd
FID,Fiducian Group Ltd
MLX,Metals X Ltd
ORR,Orecorp Ltd
PAXX,Platinum Asia Fund (Quoted Managed Hedge Fund)
SMR,Stanmore Coal Ltd
NZK,New Zealand King Salmon Investments Ltd
CRO,Cirralto Ltd
WDMF,Ishares Edge MSCI World Multifactor ETF
FANG,ETFs Fang+ ETF
IRD,Iron Road Ltd
EOF,Ecofibre Ltd
PCG,Pengana Capital Group Ltd
IMA,Image Resources NL
KZA,KAZIA Therapeutics Ltd
DSK,Dusk Group Ltd
DW8,Digital Wine Ventures Ltd
ENN,Elanor Investors Group
NOX,Noxopharm Ltd
ATEC,Betashares S&P/ASX Australian Technology ETF
EX20,Betashares Australian Ex-20 Portfolio Diversifier ETF
VML,Vital Metals Ltd
FZO,Family ZONE Cyber Safety Ltd
MCP,Mcpherson's Ltd
EMV,Emvision Medical Devices Ltd
ONT,1300 Smiles Ltd
WVOL,Ishares Edge MSCI World Minimum Volatility ETF
DOC,Doctor Care Anywhere Group Plc
3PL,3P Learning Ltd
PLT,Plenti Group Ltd
BTI,Bailador Technology Investments Ltd
VEQ,Vanguard Ftse Europe Shares ETF
HTG,Harvest Technology Group Ltd
SVM,Sovereign Metals Ltd
CEL,Challenger Exploration Ltd
BCI,BCI Minerals Ltd
MVE,Vaneck Vectors S&P/ASX Midcap ETF
APD,Apn Property Group
MAD,Mader Group Ltd
MGV,Musgrave Minerals Ltd
LBY,Laybuy Group Holdings Ltd
REX,Regional Express Holdings Ltd
VXR,Venturex Resources Ltd
RCE,Recce Pharmaceuticals Ltd
EOL,Energy One Ltd
GPR,Geopacific Resources Ltd
BOC,Bougainville Copper Ltd
FYI,FYI Resources Ltd
MAI,Mainstream Group Holdings Ltd
IXR,Ionic Rare EARTHS Ltd
IJH,Ishares S&P Mid-Cap ETF
KSC,K & S Corporation Ltd
PBP,Probiotec Ltd
EVO,Evolve Education Group Ltd
SOM,Somnomed Ltd
EGN,Engenco Ltd
COG,COG Financial Services Ltd
MRC,Mineral Commodities Ltd
FFX,Firefinch Ltd
RDY,Readytech Holdings Ltd
NXS,Next Science Ltd
MX1,Micro-X Ltd
MML,Medusa Mining Ltd
BKY,Berkeley Energia Ltd
EWC,Energy World Corporation Ltd
TIE,Tietto Minerals Ltd
D2O,Duxton Water Ltd
HZR,HAZER Group Ltd
MCA,Murray Cod Australia Ltd
VDCO,Vanguard Diversified Conservative INDEX ETF
CNEW,Vaneck Vectors China New Economy ETF
SOR,Strategic Elements Ltd
NEU,Neuren Pharmaceuticals Ltd
EAI,Ellerston Asian Investments Ltd
BNDS,Betashares Legg Mason Australian Bond Fund (Managed Fund)
FOR,Forager Australian Shares Fund
NWF,Newfield Resources Ltd
SHJ,Shine Justice Ltd
IBX,Imagion Biosystems Ltd
EP1,E&P Financial Group Ltd
RFG,Retail Food Group Ltd
CGS,Cogstate Ltd
SES,Secos Group Ltd
BMN,Bannerman Resources Ltd
POS,Poseidon Nickel Ltd
MXC,MGC Pharmaceuticals Ltd
PPG,Pro-Pac Packaging Ltd
NZM,NZME Ltd
VRX,VRX Silica Ltd
WIC,Westoz Investment Company Ltd
ACDC,ETFs Battery Tech & Lithium ETF
PET,Phoslock Environmental Technologies Ltd
SVY,Stavely Minerals Ltd
IWLD,Ishares Core MSCI World All Cap ETF
MTO,Motorcycle Holdings Ltd
HLA,Healthia Ltd
BYE,Byron Energy Ltd
ITG,Intega Group Ltd
DNK,Danakali Ltd
YOJ,Yojee Ltd
CAI,Calidus Resources Ltd
GNP,Genusplus Group Ltd
MOC,Mortgage Choice Ltd
CAN,Cann Group Ltd
G1A,Galena Mining Ltd
ATU,Atrum Coal Ltd
IPD,Impedimed Ltd
AUT,Auteco Minerals Ltd
FLC,Fluence Corporation Ltd
VEE,Veem Ltd
MVB,Vaneck Vectors Australian Banks ETF
CUP,Countplus Ltd
PEK,Peak Resources Ltd
5GN,5G Networks Ltd
OGC,Oceanagold Corporation
BID,Bill Identity Ltd
JAN,Janison Education Group Ltd
MIH,MNC Media Investment Ltd
GDG,Generation Development Group Ltd
GNX,GENEX Power Ltd
BSX,Blackstone Minerals Ltd
TNK,Think Childcare Group
SSG,Shaver Shop Group Ltd
PVS,Pivotal Systems Corporation
SYA,Sayona Mining Ltd
VTG,Vita Group Ltd
APZ,Aspen Group
HVST,Betashares Australian Dividend Harvester Fund (Managed Fund)
A2B,A2B Australia Ltd
USD,Betashares U.S. Dollar ETF
FNP,Freedom Foods Group Ltd
EVS,Envirosuite Ltd
RBTZ,Betashares Global Robotics and Artificial Intelligence ETF
ERF,Elanor Retail Property Fund
LRK,Lark Distilling Co. Ltd
TNG,TNG Ltd
PGL,Prospa Group Ltd
GTK,Gentrack Group Ltd
PX1,Plexure Group Ltd
EXP,Experience Co Ltd
EMN,Euro Manganese Inc
SUBD,Vaneck Vectors Australian Subordinated Debt ETF
TEK,Thorney Technologies Ltd
CCV,Cash Converters International
RDF,Redflex Holdings Ltd
AGH,Althea Group Holdings Ltd
QIP,QANTM Intellectual Property Ltd
SFX,Sheffield Resources Ltd
OIL,Optiscan Imaging Ltd
RMY,Rma Global Ltd
TGN,Tungsten Mining NL
MYL,Myanmar Metals Ltd
LOT,Lotus Resources Ltd
GCY,Gascoyne Resources Ltd
EGH,Eureka Group Holdings Ltd
QLTY,Betashares Global Quality Leaders ETF
FGR,First Graphene Ltd
ICQ,Icar Asia Ltd
GMD,Genesis Minerals Ltd
LPD,Lepidico Ltd
ZBT,ZEBIT Inc
SXE,Southern Cross Electrical Engineering Ltd
BCN,Beacon Minerals Ltd
VBLD,Vanguard Global Infrastructure INDEX ETF
FSA,FSA Group Ltd
BDC,Bardoc Gold Ltd
STA,Strandline Resources Ltd
DTZ,DOTZ Nano Ltd
BSA,BSA Ltd
SEC,Spheria Emerging Companies Ltd
GLN,Galan Lithium Ltd
WJA,Wameja Ltd
RVR,Red River Resources Ltd
VMT,Vmoto Ltd
LVH,Livehire Ltd
GDA,Good Drinks Australia Ltd
HCH,Hot Chili Ltd
PRL,Province Resources Ltd
ONE,Oneview Healthcare Plc
CCR,Credit Clear Ltd
EPD,Empired Ltd
AGY,Argosy Minerals Ltd
TOT,360 Capital REIT
ETPMAG,ETFs Metal Securities Australia Ltd
5GG,Pentanet Ltd
VLC,Vanguard MSCI Australian Large Companies INDEX ETF
MDR,Medadvisor Ltd
AVA,AVA Risk Group Ltd
SWF,Selfwealth Ltd
MGT,Magnetite Mines Ltd
WXHG,SPDR S&P World Ex Australia (Hedged) Fund
WHA,Wattle Health Australia Ltd
IZZ,Ishares China Large-Cap ETF
MVR,Vaneck Vectors Australian Resources ETF
ORN,Orion Minerals Ltd
PIQ,Proteomics International Laboratories Ltd
NSC,Naos Small Cap Opportunities Company Ltd
IXI,Ishares Global Consumer Staples ETF
TGM,Theta Gold Mines Ltd
IKE,Ikegps Group Ltd
WMX,Wiluna Mining Corporation Ltd
AIM,Access Innovation Holdings Ltd
DSE,Dropsuite Ltd
RYD,Ryder Capital Ltd
GBND,Betashares Sustainability Leaders DVRSFD Bond ETF - Cur HDG
MSTR,Morningstar International Shares Active ETF (Managed Fund)
ISO,Ishares S&P/ASX Small Ordinaries ETF
KSS,Kleos Space S.A
BUD,Buddy Technologies Ltd
TGF,Tribeca Global Natural Resources Ltd
EEG,Empire Energy Group Ltd
CAM,Clime Capital Ltd
RSH,Respiri Ltd
FBR,FBR Ltd
RCT,Reef Casino Trust
EER,East Energy Resources Ltd
DUR,Duratec Ltd
IHOO,Ishares Global 100 Aud Hedged ETF
BBX,BBX Minerals Ltd
IGB,Ishares Treasury ETF
ACQ,Acorn Capital Investment Fund Ltd
ANP,Antisense Therapeutics Ltd
AGD,Austral Gold Ltd
BRI,Big River Industries Ltd
TTM,Titan Minerals Ltd
MRM,Mma Offshore Ltd
DUG,DUG Technology Ltd
RDG,Resource Development Group Ltd
RTG,RTG Mining Inc
AMN,Agrimin Ltd
ZEO,Zeotech Ltd
EX1,Exopharm Ltd
SGH,Slater & Gordon Ltd
WWI,West Wits Mining Ltd
OZF,SPDR S&P/ASX 200 Financials Ex A-REIT Fund
FAR,FAR Ltd
SNS,Sensen Networks Ltd
MEA,Mcgrath Ltd
NET,Netlinkz Ltd
HZN,Horizon Oil Ltd
SDV,Scidev Ltd
LCK,Leigh Creek Energy Ltd
LIT,Lithium Australia NL
LAU,Lindsay Australia Ltd
ZNO,ZOONO Group Ltd
TOP,Thorney Opportunities Ltd
RZI,RAIZ Invest Ltd
GDC,Global Data Centre Group
PEX,Peel Mining Ltd
GOW,Gowing Bros Ltd
IVR,Investigator Resources Ltd
CAA,Capral Ltd
CII,Ci Resources Ltd
WAT,Waterco Ltd
CYG,Coventry Group Ltd
AZS,AZURE Minerals Ltd
NOV,Novatti Group Ltd
PEN,Peninsula Energy Ltd
BLU,Blue Energy Ltd
OZR,SPDR S&P/ASX 200 Resources Fund
BOT,Botanix Pharmaceuticals Ltd
ARA,Ariadne Australia Ltd
AT1,Atomo Diagnostics Ltd
EPY,Earlypay Ltd
SELF,Selfwealth SMSF Leaders ETF
LGP,Little Green Pharma Ltd
AOP,Apollo Consolidated Ltd
TMH,The Market Herald Ltd
SNC,Sandon Capital Investments Ltd
FEX,FENIX Resources Ltd
TSO,Tesoro Resources Ltd
KIN,KIN Mining NL
IDT,IDT Australia Ltd
TWD,Tamawood Ltd
KIS,King Island Scheelite Ltd
GAS,State GAS Ltd
FFG,Fatfish Group Ltd
ZYAU,ETFs S&P/ASX 300 High Yield Plus ETF
COS,Cosol Ltd
IHHY,Ishares Global High Yield Bond (Aud Hedged) ETF
CTP,Central Petroleum Ltd
NTD,National Tyre & Wheel Ltd
UBI,Universal Biosensors Inc
UMAX,Betashares S&P 500 Yield Maximiser Fund (Managed Fund)
8VI,8VI Holdings Ltd
BDM,Burgundy Diamond Mines Ltd
HETH,Betashares Global Sustainability Leaders ETF - CH
AGVT,Betashares Australian Government Bond ETF
OCC,Orthocell Ltd
LCY,Legacy Iron Ore Ltd
CLU,Cluey Ltd
NNT,99 Technology Ltd
SDI,SDI Ltd
KPG,Kelly Partners Group Holdings Ltd
RXP,RXP Services Ltd
COB,Cobalt Blue Holdings Ltd
APC,Australian Potash Ltd
TAM,Tanami Gold NL
AEG,Absolute Equity Performance Fund Ltd
CRW,Cashrewards Ltd
NWC,New World Resources Ltd
VMY,Vimy Resources Ltd
RCW,Rightcrowd Ltd
RND,Rand Mining Ltd
AHX,Apiam Animal Health Ltd
WEC,White Energy Company Ltd
ANG,Austin Engineering Ltd
GTN,GTN Ltd
QUS,Betashares S&P 500 EQUAL Weight ETF
RHT,Resonance Health Ltd
TAO,TAO Commodities Ltd
AMX,Aerometrex Ltd
TIG,Tigers Realm Coal Ltd
TSI,Top Shelf International Holdings Ltd
DRUG,Betashares Global Healthcare ETF - Currency Hedged
VAN,Vango Mining Ltd
RKN,Reckon Ltd
NML,Navarre Minerals Ltd
MSV,Mitchell Services Ltd
STG,Straker Translations Ltd
CYP,Cynata Therapeutics Ltd
BKT,Black Rock Mining Ltd
RNT,Rent.com.Au Ltd
FUN,Funtastic Ltd
YFZ,Youfoodz Holdings Ltd
GRNV,Vaneck Vectors MSCI Australian Sustainable Equity ETF
GAP,Gale Pacific Ltd
PCK,Painchek Ltd
BRV,Big River Gold Ltd
AND,Ansarada Group Ltd
VISM,Vanguard MSCI International Small Companies INDEX ETF
IXU,Ixup Ltd
VR1,Vection Technologies Ltd
TZN,Terramin Australia Ltd
RXM,REX Minerals Ltd
OKU,Oklo Resources Ltd
IOD,Iodm Ltd
TOE,Toro Energy Ltd
QRE,Betashares Australian Resources Sector ETF
MVS,Vaneck Vectors Small Companies Masters ETF
AHQ,Allegiance Coal Ltd
ARV,Artemis Resources Ltd
RFX,Redflow Ltd
PTB,PTB Group Ltd
TUL,Tulla Resources Plc
IHR,Intellihr Ltd
RXL,ROX Resources Ltd
JRL,Jindalee Resources Ltd
RGB,Russell Investments Australian Government Bond ETF
MEI,Meteoric Resources NL
LEX,Lefroy Exploration Ltd
MOGL,Montaka Global Long Only Equities Fund (Managed Fund)
NUH,Nuheara Ltd
MEP,Minotaur Exploration Ltd
KKO,Kinetiko Energy Ltd
MWY,Midway Ltd
MMI,Metro Mining Ltd
TTT,Titomic Ltd
CSS,Clean Seas Seafood Ltd
ACF,Acrow Formwork and Construction Services Ltd
EM2,Eagle Mountain Mining Ltd
DNA,Donaco International Ltd
QPM,Queensland Pacific Metals Ltd
GTG,Genetic Technologies Ltd
SWTZ,Switzer Dividend Growth Fund (Managed Fund)
WCG,Webcentral Group Ltd
ESPO,Vaneck Vectors Video Gaming and Esports ETF
MBH,Maggie Beer Holdings Ltd
AVR,Anteris Technologies Ltd
REIT,Vaneck Vectors Ftse International Property (Hedged) ETF
PGC,Paragon Care Ltd
AUZ,Australian Mines Ltd
ZER,ZETA Resources Ltd
OZG,Ozgrowth Ltd
GWR,GWR Group Ltd
ICT,Icollege Ltd
ATC,Altech Chemicals Ltd
CCE,Carnegie Clean Energy Ltd
ESK,Etherstack Plc
CMP,Compumedics Ltd
LPI,Lithium Power International Ltd
TIP,Teaminvest Private Group Ltd
PKS,PKS Holdings Ltd
PH2,Pure Hydrogen Corporation Ltd
AZY,Antipa Minerals Ltd
SHM,Shriro Holdings Ltd
DCG,Decmil Group Ltd
CVV,Caravel Minerals Ltd
XAM,Xanadu Mines Ltd
URF,US Masters Residential Property Fund
BC8,Black Cat Syndicate Ltd
CIE,Contango Income Generator Ltd
PDI,Predictive Discovery Ltd
PRT,Prime Media Group Ltd
ZLD,Zelira Therapeutics Ltd
NCC,Naos Emerging Opportunities Company Ltd
MOZ,Mosaic Brands Ltd
CHZ,Chesser Resources Ltd
OSL,Oncosil Medical Ltd
8IH,8I Holdings Ltd
ASO,Aston Minerals Ltd
GEN,Genmin Ltd
CLB,Candy Club Holdings Ltd
VVLU,Vanguard Global Value Equity Active ETF (Managed Fund)
3DA,Amaero International Ltd
PAL,Palla Pharma Ltd
FCT,Firstwave Cloud Technology Ltd
TNY,Tinybeans Group Ltd
BEAR,Betashares Australian Equities Bear (Hedge Fund)
KME,Kip Mcgrath Education Centres Ltd
MIO,Macarthur Minerals Ltd
CD3,CD Private Equity Fund Iii
SIO,Simonds Group Ltd
MDC,Medlab Clinical Ltd
CLF,Concentrated Leaders Fund Ltd
JYC,Joyce Corporation Ltd
BRL,Bathurst Resources Ltd
VMS,Venture Minerals Ltd
ZYUS,ETFs S&P 500 High Yield Low Volatility ETF
ASN,Anson Resources Ltd
ADA,Adacel Technologies Ltd
SND,Saunders International Ltd
MAM,Microequities Asset Management Group Ltd
BBC,BNK Banking Corporation Ltd
EDE,Eden Innovations Ltd
PTX,Prescient Therapeutics Ltd
TI1,Tombador Iron Ltd
INF,Infinity Lithium Corporation Ltd
AVL,Australian Vanadium Ltd
CLX,Cti Logistics Ltd
RSM,Russell Investments Australian Semi-Government Bond ETF
IVZ,Invictus Energy Ltd
NZO,New Zealand Oil & Gas Ltd
HIT,Hitech Group Australia Ltd
AOU,Auroch Minerals Ltd
CAY,Canyon Resources Ltd
SUV,Suvo Strategic Minerals Ltd
UBN,Urbanise.com Ltd
HNDQ,Betashares Nasdaq 100 ETF - Currency Hedged
NGY,Nuenergy Gas Ltd
LBL,Laserbond Ltd
AUC,Ausgold Ltd
QFE,Quickfee Ltd
HMX,Hammer Metals Ltd
HAV,Havilah Resources Ltd
BRU,Buru Energy Ltd
BRB,Breaker Resources NL
ATH,Alterity Therapeutics Ltd
BPH,BPH Energy Ltd
OEC,Orbital Corporation Ltd
TER,Terracom Ltd
LCL,Los Cerros Ltd
IKO,Ishares MSCI South Korea ETF
IME,Imexhs Ltd
AR9,Archtis Ltd
MXI,Maxitrans Industries Ltd
ESGI,Vaneck Vectors MSCI International Sustainable Equity ETF
CVL,Civmec Ltd
HWK,Hawkstone Mining Ltd
ASP,Aspermont Ltd
WOA,Wide Open Agriculture Ltd
ELS,Elsight Ltd
RTE,"Retech Technology Co., Ltd"
CWZ,Cashwerkz Ltd
DOU,Douugh Ltd
FFI,FFI Holdings Ltd
CPV,Clearvue Technologies Ltd
AML,Aeon Metals Ltd
DRO,Droneshield Ltd
CD2,CD Private Equity Fund Ii
PUR,Pursuit Minerals Ltd
ACW,Actinogen Medical Ltd
ICI,Icandy Interactive Ltd
CDX,Cardiex Ltd
ARL,Ardea Resources Ltd
MA1,Monash Absolute Investment Company Ltd
KSN,Kingston Resources Ltd
LRS,Latin Resources Ltd
QTM,Quantum Health Group Ltd
EUR,European Lithium Ltd
NUS,Nusantara Resources Ltd
TGH,Terragen Holdings Ltd
AKL,Auckland Real Estate Trust
AAR,Anglo Australian Resources NL
AC8,Auscann Group Holdings Ltd
BML,Boab Metals Ltd
BCB,Bowen Coking Coal Ltd
MYE,Mastermyne Group Ltd
GRV,Greenvale Mining Ltd
DBF,Duxton Broadacre Farms Ltd
LER,Leaf Resources Ltd
OVT,Ovato Ltd
TGA,Thorn Group Ltd
ACB,A-Cap Energy Ltd
FHS,Freehill Mining Ltd
ASH,Ashley Services Group Ltd
FSI,Flagship Investments Ltd
KTG,K-Tig Ltd
GGUS,Betashares Geared US Equity Fund Currency Hedged (Hedgefund)
ATS,Australis Oil & Gas Ltd
BLG,Bluglass Ltd
AVC,Auctus Investment Group Ltd
SPZ,Smart Parking Ltd
HRL,HRL Holdings Ltd
DRX,Diatreme Resources Ltd
WHK,Whitehawk Ltd
TDL,TBG Diagnostics Ltd
SPY,SPDR S&P 500 ETF Trust
IBC,Ironbark Capital Ltd
MNRS,Betashares Global Gold Miners ETF - Currency Hedged
MPP,Metro Performance Glass Ltd
CKA,Cokal Ltd
EXL,Elixinol Global Ltd
PSC,Prospect Resources Ltd
DEV,DEVEX Resources Ltd
FTC,Fintech Chain Ltd
SKF,SKYFII Ltd
SEG,Sports Entertainment Group Ltd
MEC,Morphic Ethical Equities Fund Ltd
WKT,Walkabout Resources Ltd
KRR,King River Resources Ltd
ADS,Adslot Ltd
AEI,Aeris Environmental Ltd
DEM,De.Mem Ltd
HRZ,Horizon Minerals Ltd
SEQ,Sequoia Financial Group Ltd
HJPN,Betashares Japan ETF-Currency Hedged
NCL,Netccentric Ltd
KPT,Kangaroo Island Plantation Timbers Ltd
IIGF,Intelligent Investor Aus Equity Growth Fund (Managed Fund)
KZR,Kalamazoo Resources Ltd
SMX,Security Matters Ltd
KPO,Kalina Power Ltd
CHM,Chimeric Therapeutics Ltd
RTR,Rumble Resources Ltd
BOL,Boom Logistics Ltd
SRK,Strike Resources Ltd
COI,Comet Ridge Ltd
RAP,Resapp Health Ltd
FML,Focus Minerals Ltd
BFC,Beston Global Food Company Ltd
TMT,Technology Metals Australia Ltd
MRL,Mayur Resources Ltd
ISU,Iselect Ltd
TON,Triton Minerals Ltd
LOM,Lucapa Diamond Company Ltd
SEN,Senetas Corporation Ltd
VLS,Vita Life Sciences Ltd
SSL,Sietel Ltd
COO,Corum Group Ltd
ESR,Estrella Resources Ltd
S2R,S2 Resources Ltd
BDA,Bod Australia Ltd
GML,Gateway Mining Ltd
MAN,Mandrake Resources Ltd
ATL,Apollo Tourism & Leisure Ltd
TRY,Troy Resources Ltd
SMLL,Betashares Aust Small Companies Select Fund (Managed Fund)
PYG,Paygroup Ltd
PAB,PATRYS Ltd
DXB,Dimerix Ltd
PTL,Pental Ltd
PAF,PM Capital Asian Opportunities Fund Ltd
AASF,Airlie Australian Share Fund (Managed Fund)
RFT,Rectifier Technologies Ltd
REE,RAREX Ltd
C6C,Copper Mountain Mining Corporation
AV1,Adveritas Ltd
DGR,DGR Global Ltd
EHH,Eagle Health Holdings Ltd
SIH,Sihayo Gold Ltd
VEFI,Vanguard Ethically Conscious GLB Agg Bond INDEX (Hedged) ETF
MZZ,Matador Mining Ltd
LNU,Linius Technologies Ltd
LSX,Lion Selection Group Ltd
BAT,Battery Minerals Ltd
DME,Dome Gold Mines Ltd
MAY,Melbana Energy Ltd
MEM,Memphasys Ltd
REY,REY Resources Ltd
FPC,Fat Prophets Global Contrarian Fund Ltd
NAM,Namoi Cotton Ltd
ENR,Encounter Resources Ltd
APW,Aims Property Securities Fund
KAI,Kairos Minerals Ltd
DGH,Desane Group Holdings Ltd
WAA,Wam Active Ltd
IVX,Invion Ltd
CV1,CV Check Ltd
MSM,MSM Corporation International Ltd
ESTX,ETFs Euro STOXX 50 ETF
EDC,Eildon Capital Group
EQR,EQ Resources Ltd
AKM,Aspire Mining Ltd
KTD,Keytone Dairy Corporation Ltd
FSG,Field Solutions Holdings Ltd
POD,Podium Minerals Ltd
EYE,Nova EYE Medical Ltd
PIL,Peppermint Innovation Ltd
DCC,Digitalx Ltd
DTS,Dragontail Systems Ltd
BBL,Brisbane Broncos Ltd
BSM,Bass Metals Ltd
EBND,Vaneck Emerging Inc Opportunities Active ETF (Managed Fund)
MNB,Minbos Resources Ltd
RCP,Redbank Copper Ltd
PDZ,Prairie Mining Ltd
NTI,Neurotech International Ltd
BLY,Boart Longyear Ltd
SMN,Structural Monitoring Systems Plc
KOV,Korvest Ltd
ODY,Odyssey Gold Ltd
AJQ,Armour Energy Ltd
BIS,Bisalloy Steel Group Ltd
BOND,SPDR S&P/ASX Australian Bond Fund
NAC,Naos Ex-50 Opportunities Company Ltd
CUE,CUE Energy Resources Ltd
SWK,Swick Mining Services Ltd
QHL,Quickstep Holdings Ltd
ARD,Argent Minerals Ltd
RINC,Betashares Legg Mason Real Income Fund (Managed Fund)
BIT,Biotron Ltd
OSP,Osprey Medical Inc
EMKT,Vaneck Vectors MSCI Multifactor Emerging Markets Equity ETF
AQI,Alicanto Minerals Ltd
TD1,Tali Digital Ltd
IMC,Immuron Ltd
AUR,Auris Minerals Ltd
RDH,Redhill Education Ltd
GEV,Global Energy Ventures Ltd
ACR,ACRUX Ltd
E2M,E2 Metals Ltd
INIF,Intelligent Investor Aus Equity Income Fund (Managed Fund)
HGO,Hillgrove Resources Ltd
RCL,Readcloud Ltd
EQX,Equatorial Resources Ltd
XF1,Xref Ltd
MTH,Mithril Resources Ltd
KLA,Kirkland Lake Gold Ltd
SGQ,ST George Mining Ltd
CCA,Change Financial Ltd
TAS,Tasman Resources Ltd
VII,Vietnam Industrial Investments Ltd
TMZ,Thomson Resources Ltd
CCZ,Castillo Copper Ltd
IXC,INVEX Therapeutics Ltd
WWG,Wiseway Group Ltd
RVS,Revasum Inc
BNL,Blue Star Helium Ltd
OEL,Otto Energy Ltd
QFN,Betashares Australian Financials Sector ETF
DRE,Dreadnought Resources Ltd
IIND,Betashares India Quality ETF
WRM,White Rock Minerals Ltd
ADV,Ardiden Ltd
IP1,Integrated Payment Technologies Ltd
TPD,Talon Petroleum Ltd
IPT,Impact Minerals Ltd
ECL,Excelsior Capital Ltd
GROW,Schroder Real Return (Managed Fund)
PYR,Payright Ltd
MGU,Magnum Mining and Exploration Ltd
ACS,Accent Resources NL
TRT,Todd River Resources Ltd
EAS,Easton Investments Ltd
SOV,Sovereign Cloud Holdings Ltd
1AD,Adalta Ltd
MEU,Marmota Ltd
CGB,Cann Global Ltd
IHEB,Ishares J.P. Morgan Usd Emerging Markets (Aud Hedged) ETF
CI1,Credit Intelligence Ltd
CST,Castile Resources Ltd
EME,Energy Metals Ltd
TNR,Torian Resources Ltd
CGA,Contango Asset Management Ltd
CLE,Cyclone Metals Ltd
CURE,ETFs S&P Biotech ETF
BNKS,Betashares Global Banks ETF - Currency Hedged
ANA,Ansila Energy NL
MAET,Munro Global Growth Fund (Hedge Fund)
FFR,Firefly Resources Ltd
PEC,Perpetual Resources Ltd
S66,Star Combo Pharma Ltd
ICG,Inca Minerals Ltd
ESH,Esports Mogul Ltd
GBZ,GBM Resources Ltd
AVE,Avecho Biotechnology Ltd
STN,Saturn Metals Ltd
AGE,Alligator Energy Ltd
MIRNA,Mirrabooka Investments Ltd
VBC,Verbrec Ltd
EPN,Epsilon Healthcare Ltd
MKAX,Montaka Global Extension Fund (Quoted Managed Hedge Fund)
HLTH,Vaneck Vectors Global Healthcare Leaders ETF
NSX,NSX Ltd
EBG,Eumundi Group Ltd
VMX,Valmec Ltd
AFA,Asf Group Ltd
MSL,MSL Solutions Ltd
AJL,AJ Lucas Group Ltd
RLE,Real Energy Corporation Ltd
YRL,Yandal Resources Ltd
HEUR,Betashares Europe ETF-Currency Hedged
VIP,VIP Gloves Ltd
MYG,Mayfield Group Holdings Ltd
HFY,Hubify Ltd
MKR,Manuka Resources Ltd
WRLD,Betashares Managed Risk Global Share Fund (Managed Fund)
TOU,Tlou Energy Ltd
JAT,Jatcorp Ltd
NSB,Neuroscientific Biopharmaceuticals Ltd
EPM,Eclipse Metals Ltd
TFL,Tasfoods Ltd
HRN,Horizon Gold Ltd
ERM,Emmerson Resources Ltd
ATR,Astron Corporation Ltd
FRB,Firebird Metals Ltd
XRF,XRF Scientific Ltd
VBS,Vectus Biosystems Ltd
SKY,SKY Metals Ltd
SGC,Sacgasco Ltd
FFT,Future First Technologies Ltd
VRC,Volt Resources Ltd
TPP,Tempo Australia Ltd
RLT,Renergen Ltd
XTE,Xtek Ltd
AWN,AWN Holdings Ltd
BHL,Boyuan Holdings Ltd
PLY,Playside Studios Ltd
STM,Sunstone Metals Ltd
MCL,Mighty Craft Ltd
CD1,CD Private Equity Fund I
VKA,Viking Mines Ltd
RES,Resource Generation Ltd
14D,1414 Degrees Ltd
VEN,Vintage Energy Ltd
DAV,Davenport Resources Ltd
BYI,Beyond International Ltd
ZNC,Zenith Minerals Ltd
SKN,Skin Elements Ltd
VPR,Volt Power Group Ltd
JAL,Jameson Resources Ltd
OSX,Osteopore Ltd
CPN,Caspin Resources Ltd
RGS,Regeneus Ltd
KAT,Katana Capital Ltd
CAD,Caeneus Minerals Ltd
ELT,Elementos Ltd
AWV,Anova Metals Ltd
DKM,Duketon Mining Ltd
MOQ,MOQ Ltd
CIW,Clime Investment Management Ltd
VRS,Veris Ltd
CTO,Citigold Corporation Ltd
AGS,Alliance Resources Ltd
LRT,Lowell Resources Fund
RPM,RPM Automotive Group Ltd
AJX,Alexium International Group Ltd
PWN,Parkway Minerals NL
LSA,Lachlan Star Ltd
ARE,Argonaut Resources NL
PFT,Pure Foods Tasmania Ltd
MPO,Molopo Energy Ltd
HIL,Hills Ltd
PRO,Prophecy International Holdings Ltd
DTR,Dateline Resources Ltd
AMT,Allegra Orthopaedics Ltd
SHG,Singular Health Group Ltd
AKG,Academies Australasia Group Ltd
VTI,"Visioneering Technologies, Inc"
IGE,Integrated Green Energy Solutions Ltd
CZR,CZR Resources Ltd
NUC,Nuchev Ltd
COY,Coppermoly Ltd
GC1,Glennon Small Companies Ltd
HSC,HSC Technology Group Ltd
CAF,Centrepoint Alliance Ltd
TSL,Titanium Sands Ltd
BEX,Bikeexchange Ltd
UUL,Ultima United Ltd
LKO,Lakes Oil NL
KRM,Kingsrose Mining Ltd
CBL,Control Bionics Ltd
ASW,Advanced Share Registry Ltd
INP,Incentiapay Ltd
CLA,Celsius Resources Ltd
HYD,HYDRIX Ltd
AFL,Af Legal Group Ltd
8CO,8COMMON Ltd
VYS,Vysarn Ltd
APH,Australian Primary Hemp Ltd
K2F,K2FLY Ltd
GTE,Great Western Exploration Ltd
TRU,Truscreen Group Ltd
AL3,AML3D Ltd
CLH,Collection House Ltd
PO3,Purifloh Ltd
PTG,Proptech Group Ltd
PNC,Pioneer Credit Ltd
MPX,Mustera Property Group Ltd
OVN,Oventus Medical Ltd
ADX,ADX Energy Ltd
MDI,Middle Island Resources Ltd
AME,Alto Metals Ltd
GME,GME Resources Ltd
XST,Xstate Resources Ltd
AIQ,Alternative Investment Trust
GAL,Galileo Mining Ltd
PXS,Pharmaxis Ltd
LCD,Latitude Consolidated Ltd
ECS,ECS Botanics Holdings Ltd
EM1,Emerge Gaming Ltd
KAU,Kaiser Reef Ltd
RDM,Red Metal Ltd
MVOL,Ishares Edge MSCI Australia Minimum Volatility ETF
DVDY,Vaneck Vectors Morningstar Australian Moat Income ETF
RNO,Rhinomed Ltd
PAA,Pharmaust Ltd
SMG,Soon Mining Ltd
FOD,The Food Revolution Group Ltd
CWX,Carawine Resources Ltd
CT1,Constellation Technologies Ltd
INES,Intelligent Investor Ethical Share Fund (Managed Fund)
TTB,Total Brain Ltd
BRK,Brookside Energy Ltd
9SP,9 Spokes International Ltd
GMN,Gold Mountain Ltd
AXI,Axiom Properties Ltd
BSR,Bassari Resources Ltd
AIV,Activex Ltd
WLD,Wellard Ltd
ARR,American Rare EARTHS Ltd
LPGD,Loftus Peak Global Disruption Fund (Managed Fund)
FLX,FELIX Group Holdings Ltd
HT8,Harris Technology Group Ltd
NWE,Norwest Energy NL
BWF,Blackwall Ltd
EINC,Betashares Legg Mason Equity Income Fund (Managed Fund)
MFD,Mayfield Childcare Ltd
YBR,Yellow Brick Road Holdings Ltd
HXG,Hexagon Energy Materials Ltd
HPP,Health and Plant Protein Group Ltd
NAG,Nagambie Resources Ltd
DJWN,Djerriwarrh Investments Ltd
VN8,VONEX Ltd
PG1,Pearl Global Ltd
MEY,Marenica Energy Ltd
SRN,Surefire Resources NL
WAK,Wa Kaolin Ltd
MIL,Millennium Services Group Ltd
PNX,PNX Metals Ltd
CHK,Cohiba Minerals Ltd
IBG,Ironbark ZINC Ltd
AU1,The Agency Group Australia Ltd
FEL,Fe Ltd
VETH,Vanguard Ethically Conscious Australian Shares ETF
LBT,LBT Innovations Ltd
MR1,Montem Resources Ltd
CGN,Crater Gold Mining Ltd
HNG,HGL Ltd
SRJ,SRJ Technologies Group Plc
AUMF,Ishares Edge MSCI Australia Multifactor ETF
VMC,Venus Metals Corporation Ltd
KLO,Kingsland Global Ltd
SSO,SPDR S&P/ASX Small Ordinaries Fund
AGR,Aguia Resources Ltd
AMG,Ausmex Mining Group Ltd
AHF,Australian Dairy Nutritionals Group
GOVT,SPDR S&P/ASX Australian Government Bond Fund
DCL,Domacom Ltd
PTR,Petratherm Ltd
AQX,Alice QUEEN Ltd
PRX,Prodigy Gold NL
SPA,Spacetalk Ltd
ORM,Orion Metals Ltd
LMG,Latrobe Magnesium Ltd
RWD,Reward Minerals Ltd
COD,Coda Minerals Ltd
SUP,Superior Lake Resources Ltd
CNB,Carnaby Resources Ltd
CNW,Cirrus Networks Holdings Ltd
GMC,Gulf Manganese Corporation Ltd
HRR,Heron Resources Ltd
YTMDO1,Equity Trustees Ltd
ATX,Amplia Therapeutics Ltd
UCM,Uscom Ltd
TIA,Tian An Australia Ltd
RDN,Raiden Resources Ltd
CNJ,Conico Ltd
ECP,ECP Emerging Growth Ltd
FOOD,Betashares Global Agriculture ETF - Currency Hedged
MMJ,MMJ Group Holdings Ltd
NYR,Nyrada Inc
AON,Apollo Minerals Ltd
EIGA,Einvest Income Generator Fund (Managed Fund)
AHC,Austco Healthcare Ltd
MAUCA,Magnetic Resources NL
CYM,Cyprium Metals Ltd
PNL,Paringa Resources Ltd
GSN,Great Southern Mining Ltd
ECG,Ecargo Holdings Ltd
HVM,Happy Valley Nutrition Ltd
VEC,Vector Resources Ltd
EGY,Energy Technologies Ltd
TPC,TPC Consolidated Ltd
PPL,Pureprofile Ltd
JXT,Jaxsta Ltd
CCG,Comms Group Ltd
CLI,Croplogic Ltd
SI6,SI6 Metals Ltd
MAG,Magmatic Resources Ltd
EMB,Embelton Ltd
AD1,AD1 Holdings Ltd
BPP,Babylon Pump & Power Ltd
BMH,Baumart Holdings Ltd
MVL,Marvel Gold Ltd
ADY,Admiralty Resources NL
OAR,OAR Resources Ltd
INV,Investsmart Group Ltd
AS1,Angel Seafood Holdings Ltd
MKG,Mako Gold Ltd
A1G,African Gold Ltd
TTI,Traffic Technologies Ltd
DHHF,Betashares Diversified All Growth ETF
OLL,Openlearning Ltd
BEM,Blackearth Minerals NL
KNO,Knosys Ltd
QMIX,SPDR MSCI World Quality MIX Fund
CM8,Crowd Media Holdings Ltd
RIE,Riedel Resources Ltd
JDR,Jadar Resources Ltd
MTC,Metalstech Ltd
CAV,Carnavale Resources Ltd
AGX1,Antipodes Global Shares (Quoted Managed Fund)
CETF,Vaneck Vectors Ftse China A50 ETF
ODA,Orcoda Ltd
BNZ,BENZ Mining Corp
EVE,EVE Investments Ltd
FRX,Flexiroam Ltd
BUY,Bounty Oil & Gas NL
MGL,Magontec Ltd
EMU,EMU NL
MCT,Metalicity Ltd
SKS,SKS Technologies Group Ltd
GMR,Golden Rim Resources Ltd
MPR,Mpower Group Ltd
CG1,Carbonxt Group Ltd
VAL,Valor Resources Ltd
ASQ,Australian Silica Quartz Group Ltd
NXM,Nexus Minerals Ltd
UCW,UCW Ltd
VGMF,Vanguard Global Multi-Factor Active ETF (Managed Fund)
CAQ,CAQ Holdings Ltd
BCT,Bluechiip Ltd
NGE,NGE Capital Ltd
IDA,Indiana Resources Ltd
SCL,Schrole Group Ltd
ESS,Essential Metals Ltd
CE1,Calima Energy Ltd
ANX,ANAX Metals Ltd
YTMQF3,Equity Trustees Ltd
PXX,Polarx Ltd
QEM,QEM Ltd
AUST,Betashares Managed Risk Australian Share Fund (Managed Fund)
SCU,Stemcell United Ltd
PGM,Platina Resources Ltd
SNG,Siren Gold Ltd
GFL,Global Masters Fund Ltd
SOP,Synertec Corporation Ltd
EMMG,Betashares Legg Mason Emerging Markets Fund (Managed Fund)
CXM,Centrex Metals Ltd
AUK,Aumake Ltd
SBW,Shekel Brainweigh Ltd
DVN,Devine Ltd
SE1,Sensera Ltd
CLT,Cellnet Group Ltd
EMD,Emyria Ltd
HNR,Hannans Ltd
BGT,Bio-Gene Technology Ltd
MHC,Manhattan Corporation Ltd
TV2,TV2U International Ltd
AL8,Alderan Resources Ltd
ICS,Icsglobal Ltd
MAT,Matsa Resources Ltd
DEX,Duke Exploration Ltd
LAW,Lawfinance Ltd
KAM,K2 Asset Management Holdings Ltd
RHI,Red Hill Iron Ltd
VMG,VDM Group Ltd
REZ,Resources & Energy Group Ltd
GLV,Global Oil & Gas Ltd
A1M,Aic Mines Ltd
TAR,Taruga Minerals Ltd
DCX,Discovex Resources Ltd
TLM,Talisman Mining Ltd
ID8,Identitii Ltd
HXL,Hexima Ltd
E200,SPDR S&P/ASX 200 Esg Fund
HAW,Hawthorn Resources Ltd
BCC,Beam Communications Holdings Ltd
JAY,Jayride Group Ltd
3MF,3D Metalforge Ltd
MM8,Medallion Metals Ltd
GBE,Globe Metals & Mining Ltd
YPB,YPB Group Ltd
EGL,Environmental Group Ltd (the)
TCF,360 Capital Enhanced Income Fund
TEG,Triangle Energy (Global) Ltd
WEMG,SPDR S&P Emerging Markets Fund
VOL,Victory Offices Ltd
ISD,Isentia Group Ltd
ZGL,ZICOM Group Ltd
PFG,Prime Financial Group Ltd
MXO,Motio Ltd
NES,Nelson Resources Ltd
ACU,Acumentis Group Ltd
PVE,Po Valley Energy Ltd
MSR,Manas Resources Ltd
MCM,MC Mining Ltd
GLE,GLG Corp Ltd
KYK,KYCKR Ltd
RGL,Riversgold Ltd
CAG,Cape Range Ltd
VOR,Vortiv Ltd
GLH,Global Health Ltd
AAU,Antilles Gold Ltd
LNY,Laneway Resources Ltd
CLDD,Betashares Cloud Computing ETF
AUL,Austar Gold Ltd
VR8,Vanadium Resources Ltd
MBM,Mobecom Ltd
GIB,Gibb River Diamonds Ltd
DMC,Design Milk Co Ltd
SHN,Sunshine Gold Ltd
WSI,Weststar Industrial Ltd
SW1,Swift Media Ltd
BTR,Brightstar Resources Ltd
INCM,Betashares Global Income Leaders ETF
AYM,Australia United Mining Ltd
ROG,Red Sky Energy Ltd
JCS,Jcurve Solutions Ltd
A3D,Aurora Labs Ltd
4CE,Force Commodities Ltd
OLI,Oliver's Real Food Ltd
YTMAZJ,Equity Trustees Ltd
FPP,Fat Prophets Global Property Fund
BTC,BTC Health Ltd
FRM,Farm Pride Foods Ltd
AKO,Akora Resources Ltd
SAU,Southern Gold Ltd
DDD,3D Resources Ltd
OGA,Ocean Grown Abalone Ltd
RIM,Rimfire Pacific Mining NL
AZI,Alta ZINC Ltd
AUH,Austchina Holdings Ltd
PPY,Papyrus Australia Ltd
SPQ,Superior Resources Ltd
PGY,Pilot Energy Ltd
CY5,CYGNUS Gold Ltd
HGL,Hudson Investment Group Ltd
YTMAGL,Equity Trustees Ltd
CGO,CPT Global Ltd
OAU,Ora Gold Ltd
CXU,Cauldron Energy Ltd
HCT,Holista Colltech Ltd
CLZ,Classic Minerals Ltd
TPO,Tian Poh Resources Ltd
SRZ,Stellar Resources Ltd
AJJ,Asian American Medical Group Ltd
AQD,Ausquest Ltd
YTMLL1,Equity Trustees Ltd
ACP,Audalia Resources Ltd
KTA,Krakatoa Resources Ltd
WNR,Wingara AG Ltd
VIG,Victor Group Holdings Ltd
SHO,Sportshero Ltd
HMD,Heramed Ltd
NPM,Newpeak Metals Ltd
TIN,TNT Mines Ltd
AMO,Ambertech Ltd
AIR,Astivita Ltd
GRL,Godolphin Resources Ltd
ZAG,Zuleika Gold Ltd
RLG,Roolife Group Ltd
NSM,North Stawell Minerals Ltd
TKM,Trek Metals Ltd
BIQ,"Buildingiq, Inc"
IQ3,IQ3CORP Ltd
BMG,BMG Resources Ltd
VIC,Victory Mines Ltd
SUD,Suda Pharmaceuticals Ltd
AYI,A1 Investments & Resources Ltd
CNL,Celamin Holdings Ltd
EQE,EQUUS Mining Ltd
AJY,Asaplus Resources Ltd
ABV,Advanced Braking Technology Ltd
FIJ,Fiji Kava Ltd
TDO,3D Oil Ltd
PSL,Paterson Resources Ltd
BEE,Broo Ltd
LSH,Lifespot Health Ltd
DTM,Dart Mining NL
DXN,DXN Ltd
TRL,Tanga Resources Ltd
YTMQF2,Equity Trustees Ltd
2BE,Tubi Ltd
NAE,New Age Exploration Ltd
ONX,Orminex Ltd
SPN,Sparc Technologies Ltd
ELE,Elmore Ltd
NDIA,ETFs-Nam India Nifty 50 ETF
CRS,Caprice Resources Ltd
MOB,Mobilicom Ltd
MRQ,MRG Metals Ltd
DM1,Desert Metals Ltd
KWR,Kingwest Resources Ltd
WEL,Winchester Energy Ltd
ABX,Australian Bauxite Ltd
LIN,Lindian Resources Ltd
CAZ,Cazaly Resources Ltd
KBC,Keybridge Capital Ltd
SMI,Santana Minerals Ltd
ENT,Enterprise Metals Ltd
ARN,Aldoro Resources Ltd
NNG,Nexion Group Ltd
CRL,Comet Resources Ltd
SCT,Scout Security Ltd
LSR,Lodestar Minerals Ltd
RGI,Roto-Gro International Ltd
POU,Betashares British Pound ETF
MEL,Metgasco Ltd
FNX,Finexia Financial Group Ltd
HQLT,Betashares Global Quality Leaders ETF Currency Hedged
BAR,Barra Resources Ltd
MBK,Metal Bank Ltd
GTR,Gti Resources Ltd
LLO,Lion One Metals Ltd
PUA,Peak Minerals Ltd
MEB,Medibio Ltd
EMT,Emetals Ltd
MPH,Mediland Pharm Ltd
RFR,Rafaella Resources Ltd
GUL,Gullewa Ltd
FPL,Fremont Petroleum Corporation Ltd
FZR,Fitzroy River Corporation Ltd
BOA,Boadicea Resources Ltd
ARO,Astro Resources NL
SLZ,Sultan Resources Ltd
HWH,Houston We Have Ltd
LPE,Locality Planning Energy Holdings Ltd
TMR,Tempus Resources Ltd
MCE,Matrix Composites & Engineering Ltd
NRX,Noronex Ltd
RMX,Red Mountain Mining Ltd
ENA,Ensurance Ltd
NC6,Nanollose Ltd
DVL,Dorsavi Ltd
HLX,HELIX Resources Ltd
ADR,Adherium Ltd
DDB,Dynamic Drill and Blast Holdings Ltd
FEI,Fe Investments Group Ltd
CAE,Cannindah Resources Ltd
SIT,Site Group International Ltd
ADD,Adavale Resources Ltd
NVU,Nanoveu Ltd
OEX,OILEX Ltd
CXZ,Connexion Telematics Ltd
ICOR,Ishares Core Corporate Bond ETF
1ST,1ST Group Ltd
SNAS,ETFs Ultra Short Nasdaq 100 Hedge Fund
PNN,Pepinnini Minerals Ltd
LCE,London City Equities Ltd
CR1,Constellation Resources Ltd
SCN,Scorpion Minerals Ltd
FFC,Farmaforce Ltd
CBE,Cobre Ltd
SIX,Sprintex Ltd
AUQ,Alara Resources Ltd
KFE,Kogi Iron Ltd
AFW,Applyflow Ltd
MRR,Minrex Resources Ltd
AIY,Authorised Investment Fund Ltd
QFY,Quantify Technology Holdings Ltd
IKW,Ikwezi Mining Ltd
BNR,Bulletin Resources Ltd
ETPMPM,ETFs Metal Securities Australia Ltd
ERG,Eneco Refresh Ltd
NZS,New Zealand Coastal Seafoods Ltd
EVZ,EVZ Ltd
BMO,Bastion Minerals Ltd
MRG,Murray River Organics Group Ltd
CZL,Consolidated ZINC Ltd
ANR,Anatara Lifesciences Ltd
WFL,Wellfully Ltd
EN1,Engage:BDR Ltd
XTC,Xantippe Resources Ltd
WBE,Whitebark Energy Ltd
WOO,Wooboard Technologies Ltd
VMIN,Vanguard Global Minimum Volatility Active ETF (Managed Fund)
CFO,Cfoam Ltd
FDM,Freedom Oil and Gas Ltd
MXR,Maximus Resources Ltd
ERL,Empire Resources Ltd
ICE,Icetana Ltd
KTE,K2 Energy Ltd
PF1,Pathfinder Resources Ltd
MRD,Mount Ridley Mines Ltd
KGM,Kalnorth Gold Mines Ltd
KMT,Kopore Metals Ltd
WC8,Wildcat Resources Ltd
AGC,Australian Gold and Copper Ltd
CTE,Cryosite Ltd
AUN,Aurumin Ltd
CAP,Carpentaria Resources Ltd
OLH,Oldfields Holdings Ltd
CSE,Copper Strike Ltd
CZN,Corazon Mining Ltd
SHH,Shree Minerals Ltd
JHL,JAYEX Healthcare Ltd
RLC,Reedy Lagoon Corporation Ltd
RBR,RBR Group Ltd
CBY,Canterbury Resources Ltd
NTL,New Talisman Gold Mines Ltd
QGL,Quantum Graphite Ltd
M24,Mamba Exploration Ltd
AUDS,Betashares Strong Australian Dollar Fund (Hedge Fund)
FTZ,Fertoz Ltd
RML,Resolution Minerals Ltd
ICR,Intelicare Holdings Ltd
MLM,Metallica Minerals Ltd
N1H,N1 Holdings Ltd
GOAT,Vaneck Vectors Morningstar World Ex Australia Wide Moat ETF
YTMDX1,Equity Trustees Ltd
SHE,Stonehorse Energy Ltd
SRH,Saferoads Holdings Ltd
RAN,Range International Ltd
KSM,K2 Australian Small Cap Fund (Hedge Fund)
SIV,SIV Capital Ltd
ANL,Amani Gold Ltd
NGS,Nutritional Growth Solutions Ltd
AMD,Arrow Minerals Ltd
TRN,Torrens Mining Ltd
SER,Strategic Energy Resources Ltd
TSC,Twenty Seven Co. Ltd
CF1,Complii Fintech Solutions Ltd
AFR,African Energy Resources Ltd
DC2,DC Two Ltd
IVT,Inventis Ltd
CXX,Cradle Resources Ltd
FAU,First Au Ltd
HPR,High Peak Royalties Ltd
AQS,AQUIS Entertainment Ltd
TCO,Transmetro Corporation Ltd
TMG,Trigg Mining Ltd
GSM,Golden State Mining Ltd
TYX,Tyranna Resources Ltd
ROO,Roots Sustainable Agricultural Technologies Ltd
SCI,Silver City Minerals Ltd
ANW,Aus Tin Mining Ltd
ICN,Icon Energy Ltd
HCD,Hydrocarbon Dynamics Ltd
MSG,MCS Services Ltd
BAS,Bass Oil Ltd
GNM,Great Northern Minerals Ltd
FFF,Forbidden Foods Ltd
WCN,White Cliff Minerals Ltd
FGL,Frugl Group Ltd
YTMQF1,Equity Trustees Ltd
BUX,Buxton Resources Ltd
SRI,Sipa Resources Ltd
ODM,Odin Metals Ltd
EAX,Energy Action Ltd
GBR,Great Boulder Resources Ltd
BDG,Black Dragon Gold Corp
CDY,Cellmid Ltd
TPS,Threat Protect Australia Ltd
AVW,Avira Resources Ltd
LV1,Live Verdure Ltd
ECT,Environmental Clean Technologies Ltd
SIS,Simble Solutions Ltd
CDT,Castle Minerals Ltd
TZL,TZ Ltd
TEM,Tempest Minerals Ltd
APG,Austpac Resources NL
ENV,Enova Mining Ltd
SGI,Stealth Global Holdings Ltd
IPB,IPB Petroleum Ltd
YANK,Betashares Strong U.S. Dollar Fund (Hedge Fund)
TMK,Tamaska Oil and Gas Ltd
MOH,Moho Resources Ltd
WTL,WT Financial Group Ltd
RNE,Renu Energy Ltd
TYM,TYMLEZ Group Ltd
GED,Golden Deeps Ltd
SUH,Southern Hemisphere Mining Ltd
STK,Strickland Metals Ltd
NWM,Norwest Minerals Ltd
NMR,Native Mineral Resources Holdings Ltd
ESE,Esense-Lab Ltd
YOW,Yowie Group Ltd
MRZ,Mont Royal Resources Ltd
PVW,PVW Resources Ltd
PRS,Prospech Ltd
SRY,Story-I Ltd
RMP,Red Emperor Resources NL
BYH,Bryah Resources Ltd
KNM,Kneomedia Ltd
M2R,Miramar Resources Ltd
RCR,Rincon Resources Ltd
ENX,Enegex Ltd
APV,Appsvillage Australia Ltd
ALY,Alchemy Resources Ltd
DLT,Delta Drone International Ltd
EZZ,EZZ Life Science Holdings Ltd
EEU,Betashares Euro ETF
PAM,Pan Asia Metals Ltd
KP2,Kore Potash Plc
IS3,I Synergy Group Ltd
TKL,Traka Resources Ltd
IYLD,Ishares Yield Plus ETF
PSA,Petsec Energy Ltd
KFM,Kingfisher Mining Ltd
AOA,Ausmon Resources Ltd
GOO,Gooroo Ventures Ltd
MHK,Metal Hawk Ltd
SBR,Sabre Resources Ltd
LHM,Land & Homes Group Ltd
MQR,Marquee Resources Ltd
CRB,Carbine Resources Ltd
MLS,Metals Australia Ltd
FNT,Frontier Resources Ltd
FGO,Fargo Enterprises Ltd
NME,NEX Metals Exploration Ltd
AAP,Australian Agricultural Projects Ltd
IMPQ,Einvest Better Future Fund (Managed Fund)
LITCF,Lithium Australia NL
ERW,Errawarra Resources Ltd
LCT,Living Cell Technologies Ltd
1AG,Alterra Ltd
RAS,Ragusa Minerals Ltd
RDS,Redstone Resources Ltd
KEY,KEY Petroleum Ltd
OKR,Okapi Resources Ltd
PRM,Prominence Energy NL
AX8,Accelerate Resources Ltd
AQC,Australian Pacific Coal Ltd
POW,Protean Energy Ltd
OZM,Ozaurum Resources Ltd
AWJ,Auric Mining Ltd
BXN,Bioxyne Ltd
SP3,Spectur Ltd
OOK,Ookami Ltd
QXR,QX Resources Ltd
DDT,Datadot Technology Ltd
ERTH,Betashares Climate Change Innovation ETF
TTA,TTA Holdings Ltd
HHM,Hampton Hill Mining NL
DTI,DTI Group Ltd
TMX,Terrain Minerals Ltd
ZMI,ZINC of Ireland NL
DAF,Discovery Africa Ltd
SFM,Santa Fe Minerals Ltd
G88,Golden Mile Resources Ltd
JPR,Jupiter Energy Ltd
M8S,M8 Sustainable Ltd
KGD,Kula Gold Ltd
YTMMG2,Equity Trustees Ltd
PVL,Powerhouse Ventures Ltd
CPT,Cipherpoint Ltd
BLZ,BLAZE International Ltd
BEL,Bentley Capital Ltd
CL8,Carly Holdings Ltd
DLC,Delecta Ltd
GO2,The GO2 People Ltd
GES,Genesis Resources Ltd
PNM,Pacific Nickel Mines Ltd
ALT,Analytica Ltd
PAK,Pacific American Holdings Ltd
GGX,GAS2GRID Ltd
MEG,Megado Gold Ltd
NCR,Nucoal Resources Ltd
AEV,Avenira Ltd
YTMGP1,Equity Trustees Ltd
AAJ,Aruma Resources Ltd
RMI,Resource Mining Corporation Ltd
VIA,Viagold Rare Earth Resources Holdings Ltd
IGN,Ignite Ltd
CAU,Cronos Australia Ltd
ETPMPT,ETFs Metal Securities Australia Ltd
SAN,Sagalio Energy Ltd
YTMVC1,Equity Trustees Ltd
OPL,Opyl Ltd
CML,Chase Mining Corporation Ltd
BHD,Benjamin Hornigold Ltd
GLA,Gladiator Resources Ltd
WML,Woomera Mining Ltd
BPM,BPM Minerals Ltd
IDZ,Indoor Skydive Australia Group Ltd
XPE,Xped Ltd
THR,Thor Mining Plc
RXH,Rewardle Holdings Ltd
CUL,Cullen Resources Ltd
AHN,Athena Resources Ltd
DET,Dealt Ltd
YTMF11,Equity Trustees Ltd
LNAS,ETFs Ultra Long Nasdaq 100 Hedge Fund
CRM,Carbon Minerals Ltd
AUP,Aurora Property Buy-Write Income Trust
LIO,Lion Energy Ltd
PCL,Pancontinental Oil & Gas NL
MAX,Millinium's Alternatives Fund
YTMMGR,Equity Trustees Ltd
AER,Aeeris Ltd
WSR,Westar Resources Ltd
ETPMPD,ETFs Metal Securities Australia Ltd
RMG,RMG Ltd
IPC,Imperial Pacific Ltd
SYT,Syntonic Ltd
NOR,Norwood Systems Ltd
YTMVCX,Equity Trustees Ltd
ZEU,ZEUS Resources Ltd
SIL,Smiles Inclusive Ltd
CMC,China Magnesium Corporation Ltd
ATP,Atlas Pearls Ltd
FIN,FIN Resources Ltd
VAR,Variscan Mines Ltd
YTMSG2,Equity Trustees Ltd
T3D,333D Ltd
OKJ,Oakajee Corporation Ltd
FE8,Faster Enterprises Ltd
YTMDX2,Equity Trustees Ltd
SXX,Southern Cross Exploration N.L.
YTMAPA,Equity Trustees Ltd
EFE,Eastern Iron Ltd
YTMWE1,Equity Trustees Ltd
DMG,Dragon Mountain Gold Ltd
FTT,Factor Therapeutics Ltd
RNX,Renegade Exploration Ltd
YTMAP1,Equity Trustees Ltd
PKO,Peako Ltd
GGE,Grand Gulf Energy Ltd
NXE,New Energy Minerals Ltd
DZZF,Betashares Ethical Diversified High Growth ETF
DBBF,Betashares Ethical Diversified Balanced ETF
GPS,GPS Alliance Holdings Ltd
CMD,Cassius Mining Ltd
IMS,Impelus Ltd
YTMAST,Equity Trustees Ltd
UUV,UUV Aquabotix Ltd
CWL,Consolidated Financial Holdings Ltd
YTMNA1,Equity Trustees Ltd
MTB,Mount Burgess Mining NL
CYQ,CYCLIQ Group Ltd
LML,Lincoln Minerals Ltd
WNB,Wellness and Beauty Solutions Ltd
HGM,High Grade Metals Ltd
YTMTL1,Equity Trustees Ltd
EMP,Emperor Energy Ltd
IEQ,International Equities Corporation Ltd
MHI,Merchant House International Ltd
SVS,Sunvest Corporation Ltd
MCX,Mariner Corporation Ltd
KOR,Korab Resources Ltd
YTMSG1,Equity Trustees Ltd
CIO,Connected Io Ltd
OXX,Octanex Ltd
PKD,Parkd Ltd
ARC,Australian Rural Capital Ltd
TML,Timah Resources Ltd
DGGF,Betashares Ethical Diversified Growth ETF
KLR,Kaili Resources Ltd
IVO,Invigor Group Ltd
YTMF15,Equity Trustees Ltd
HHY,HHY Fund
YTMTCL,Equity Trustees Ltd
KKL,Kollakorn Corporation Ltd
GGOV,Betashares Global Government Bond 20+ Year ETF - Cur Hedged
DOR,Doriemus Plc
NSE,New Standard Energy Ltd
EXO,ENNOX Group Ltd
YTMTL2,Equity Trustees Ltd
YTMTLS,Equity Trustees Ltd
AO1,Assetowl Ltd
RAG,Ragnar Metals Ltd
RD1,Registry Direct Ltd
MSI,Multistack International Ltd
LVE,Love Group Global Ltd
OEQ,Orion Equities Ltd
SF1,Stemify Ltd
HOR,Horseshoe Metals Ltd
YTMF16,Equity Trustees Ltd
STC,Sinetech Ltd
MDX,Mindax Ltd
YTMF10,Equity Trustees Ltd
AXT,Argo Exploration Ltd
YTMF17,Equity Trustees Ltd
YTMAS2,Equity Trustees Ltd
AGJ,Agricultural Land Trust
MMR,Mec Resources Ltd
IEC,Intra Energy Corporation Ltd
TRM,Truscott Mining Corporation Ltd
YTMORG,Equity Trustees Ltd
YTMMQ1,Equity Trustees Ltd
LHB,Lionhub Group Ltd
YTMALD,Equity Trustees Ltd
QSS,Questus Ltd
CVS,Cervantes Corporation Ltd
YTMSG3,Equity Trustees Ltd
RMT,Rma Energy Ltd
YTMQF4,Equity Trustees Ltd
YTMF14,Equity Trustees Ltd
QSML,Vaneck Vectors MSCI Inter Small Companies QUAL ETF
VLUE,Vaneck Vectors MSCI International Value ETF
CLNE,Vaneck Vectors Global Clean Energy ETF
PWNCA,Parkway Minerals NL
GCR,Golden Cross Resources Ltd
RPG,Raptis Group Ltd
YTMDX3,Equity Trustees Ltd
AKN,Auking Mining Ltd
TNP,Triple Energy Ltd
AHK,Ark Mines Ltd
YTMIP1,Equity Trustees Ltd
YTMF07,Equity Trustees Ltd
BIR,BIR Financial Ltd
YTMBH1,Equity Trustees Ltd
TTL,Transcendence Technologies Ltd
ATM,Aneka Tambang (Persero) TBK (PT)
EMUCA,EMU NL
PBX,Pacific Bauxite Ltd
CGM,Cougar Metals NL
YTMDO2,Equity Trustees Ltd
QUE,Queste Communications Ltd
YTMF13,Equity Trustees Ltd
HRNRA,Horizon Gold Ltd
YTMWB1,Equity Trustees Ltd
YTMANZ,Equity Trustees Ltd
CCJ,County International Ltd
TOM,Tomizone Ltd
E2E,Eon NRG Ltd
ADEF,Apostle Dundas Glob Equity Class D (Managed Fund)
AIB,Aurora Global Income Trust
PCH,Property Connect Holdings Ltd
LAM,Laramide Resources Ltd
QTG,Q Technology Group Ltd
ABL,Abilene Oil and Gas Ltd
REF,Reverse Corp Ltd
CDH,Chongherr Investments Ltd
KNH,Koon Holdings Ltd
CINPA,Carlton Investments Ltd
YTMSCP,Equity Trustees Ltd
SSLPA,Sietel Ltd
WHFPA,Whitefield Ltd
